2025,Neural Computing Applications,"BERTweet.BR: a pre-trained language model for tweets in Portuguese.",Fernando Carneiro; Daniela Vianna 0001; Jonnathan Carvalho; Alexandre Plastino 0001; Aline Paes,https://doi.org/10.1007/s00521-024-10711-3,null,J,no_arxiv,0
2025,ACL,"Evaluating LLMs for Portuguese Sentence Simplification with Linguistic Insights.",Arthur Mariano Rocha De Azevedo Scalercio; Elvis A. de Souza; Maria José Bocorny Finatto; Aline Paes,https://doi.org/10.18653/v1/2025.acl-long.1193,null,C,no_arxiv,0
2023,Expert Systems Appl.,"AIS-based maritime anomaly traffic detection: A review.",Cláudio Vasconcelos Ribeiro; Aline Paes; Daniel de Oliveira 0001,https://doi.org/10.1016/j.eswa.2023.120561,null,J,no_arxiv,0
2022,Knowledge-Based Syst.,"Learning attention-based representations from multiple patterns for relation prediction in knowledge graphs.",Vítor Lourenço; Aline Paes,https://doi.org/10.1016/j.knosys.2022.109232,null,J,no_arxiv,0
2022,Neural Computing Applications,"User intent classification in noisy texts: an investigation on neural language models.",Patrick Blackman Sphaier; Aline Paes,https://doi.org/10.1007/s00521-022-07383-2,null,J,no_arxiv,0
2026,Machine Learning,"Select First, Transfer Later: Choosing a Proper Dataset for SRL and GNN Based Transfer Learning.",Thais Luca; Aline Paes; Gerson Zaverucha,https://doi.org/10.1007/s10994-025-06940-9,null,J,no_arxiv,0
2026,Machine Learning,"Correction to: Select First, Transfer Later: Choosing a Proper Dataset for SRL and GNN Based Transfer Learning.",Thais Luca; Aline Paes; Gerson Zaverucha,https://doi.org/10.1007/s10994-026-07017-x,null,J,no_arxiv,0
2025,Machine Learning,"A utility-driven approach to instance-based transfer learning for relational domains.",Cainã Figueiredo Pereira; Daniel S. Menasché; Gerson Zaverucha; Aline Paes; Valmir C. Barbosa,https://doi.org/10.1007/s10994-025-06864-4,null,J,no_arxiv,0
2024,Machine Learning,"Word embeddings-based transfer learning for boosted relational dependency networks.",Thais Luca; Aline Paes; Gerson Zaverucha,https://doi.org/10.1007/s10994-023-06404-y,null,J,no_arxiv,0
2023,Data Min. Knowl. Discov.,"Sentiment analysis in tweets: an assessment study from classical to modern word representation models.",Sérgio Barreto; Ricardo Moura; Jonnathan Carvalho; Aline Paes; Alexandre Plastino 0001,https://doi.org/10.1007/s10618-022-00853-0,null,J,no_arxiv,0
2021,Concurr. & Computation,"An incremental reinforcement learning scheduling strategy for data-intensive scientific workflows in the cloud.",André Nascimento; Vítor Silva 0003; Aline Paes; Daniel de Oliveira 0001,https://doi.org/10.1002/cpe.6193,null,J,no_arxiv,0
2024,Inf. Process. Mgmt.,"Less is more: Pruning BERTweet architecture in Twitter sentiment analysis.",Ricardo Moura; Jonnathan Carvalho; Alexandre Plastino 0001; Aline Paes,https://doi.org/10.1016/j.ipm.2024.103688,null,J,no_arxiv,0
