2026,Artificial Intelligence,"Exploring the influence of missing data imputation in group fairness metrics.",Arthur Dantas Mangussi; Ricardo Cardoso Pereira; Miriam Seoane Santos; Ana Carolina Lorena; Mykola Pechenizkiy; Pedro Henriques Abreu,https://doi.org/10.1016/j.artint.2026.104559,null,J,no_arxiv,0
2026,Neurocomputing,"pycol-vis: A Python package for image complexity assessment.",Diogo Apóstolo; Miriam Seoane Santos; Ana Carolina Lorena; Nathalie Japkowicz; Pedro Henriques Abreu,https://doi.org/10.1016/j.neucom.2026.134155,null,J,no_arxiv,0
2025,Neurocomputing,"mdatagen: A python library for the artificial generation of missing data.",Arthur Dantas Mangussi; Miriam Seoane Santos; Filipe Loyola Lopes; Ricardo Cardoso Pereira; Ana Carolina Lorena; Pedro Henriques Abreu,https://doi.org/10.1016/j.neucom.2025.129478,null,J,no_arxiv,0
2025,Neurocomputing,"Pycol: A Python package for dataset complexity measures.",Diogo Apóstolo; Miriam Seoane Santos; Ana Carolina Lorena; Pedro Henriques Abreu,https://doi.org/10.1016/j.neucom.2025.130311,null,J,no_arxiv,0
2024,Neural Computing Applications,"Golden lichtenberg algorithm: a fibonacci sequence approach applied to feature selection.",João Luiz Junho Pereira; Matheus Brendon Francisco; Benedict Jun Ma; Guilherme Ferreira Gomes; Ana Carolina Lorena,https://doi.org/10.1007/s00521-024-10155-9,null,J,no_arxiv,0
2022,Applied Soft Comput.,"Community-based anomaly detection using spectral graph filtering.",Rodrigo Francisquini; Ana Carolina Lorena; Mariá C. V. Nascimento,https://doi.org/10.1016/j.asoc.2022.108489,null,J,no_arxiv,0
2024,ACM Comput. Surveys,"Trusting My Predictions: On the Value of Instance-Level Analysis.",Ana Carolina Lorena; Pedro Yuri Arbs Paiva; Ricardo B. C. Prudêncio,https://doi.org/10.1145/3615354,null,J,no_arxiv,0
2026,Machine Learning,"Filtering Instances and Rejecting Predictions to Obtain Reliable Models in Healthcare.",Maria Gabriela Valeriano; David Kohan Marzagão; Alfredo Montelongo; Carlos Roberto Veiga Kiffer; Natan Katz; Ana Carolina Lorena,https://doi.org/10.1007/s10994-025-06941-8,null,J,no_arxiv,0
2025,Machine Learning,"Novel applications of item response theory for analysing data set complexity and benchmark selection.",João Luiz Junho Pereira; Alfredo Antonio Alencar Exposito de Queiroz; Telmo de Menezes e Silva Filho; Ana Carolina Lorena; Rafael Gomes Mantovani; Gisele Lobo Pappa; Ricardo Bastos Cavalcante Prudêncio,https://doi.org/10.1007/s10994-025-06873-3,null,J,no_arxiv,0
2024,Data Min. Knowl. Discov.,"Optimal selection of benchmarking datasets for unbiased machine learning algorithm evaluation.",João Luiz Junho Pereira; Kate Smith-Miles; Mario Andrés Muñoz; Ana Carolina Lorena,https://doi.org/10.1007/s10618-023-00957-1,null,J,no_arxiv,0
2022,Machine Learning,"Relating instance hardness to classification performance in a dataset: a visual approach.",Pedro Yuri Arbs Paiva; Camila Castro Moreno; Kate Smith-Miles; Maria Gabriela Valeriano; Ana Carolina Lorena,https://doi.org/10.1007/s10994-022-06205-9,null,J,no_arxiv,0
2021,Inf. Sciences,"Assessing the data complexity of imbalanced datasets.",Victor H. Barella; Luís Paulo F. Garcia; Marcilio C. P. de Souto; Ana Carolina Lorena; André C. P. L. F. de Carvalho,https://doi.org/10.1016/j.ins.2020.12.006,null,J,no_arxiv,0
2021,ACM TKDD,"An Instance Space Analysis of Regression Problems.",Mario Andrés Muñoz; Tao Yan; Matheus R. Leal; Kate Smith-Miles; Ana Carolina Lorena; Gisele L. Pappa; Rômulo Madureira Rodrigues,https://doi.org/10.1145/3436893,top,J,no_arxiv,0
2025,Computers & Security,"Studying the robustness of data imputation methodologies against adversarial attacks.",Arthur Dantas Mangussi; Ricardo Cardoso Pereira; Ana Carolina Lorena; Miriam Seoane Santos; Pedro Henriques Abreu,https://doi.org/10.1016/j.cose.2025.104574,null,J,no_arxiv,0
