2022,J Comb Opt,"Leafy spanning k-forests.",Cristina G. Fernandes; Carla Negri Lintzmayer; Mário César San Felice,https://doi.org/10.1007/s10878-022-00872-z,null,J,no_arxiv,0
2026,Discrete Mathematics,"A study on token digraphs.",Cristina G. Fernandes; Carla Negri Lintzmayer; Juan Pablo Peña; Giovanne Santos; Ana Trujillo-Negrete; José Zamora,https://doi.org/10.1016/j.disc.2025.114951,null,J,no_arxiv,0
2026,Discrete Mathematics,"Separating path systems for cubic graphs and for complete bipartite graphs.",Cristina G. Fernandes; Carlos Hoppen; George Kontogeorgiou; Guilherme Oliveira Mota; Danni Peng,https://doi.org/10.1016/j.disc.2026.115100,null,J,no_arxiv,0
2025,Discrete Mathematics,"Packing large balanced trees into bipartite graphs.",Cristina G. Fernandes; Tássio Naia; Giovanne Santos; Maya Stein,https://doi.org/10.1016/j.disc.2025.114641,null,J,no_arxiv,0
2025,Random Struct. Algorithms,"Separating Path Systems in Complete Graphs.",Cristina G. Fernandes; Guilherme Oliveira Mota; Nicolás Sanhueza-Matamala,https://doi.org/10.1002/rsa.70006,null,J,no_arxiv,0
2024,Theor. Comput. Sci.,"Approximations for the Steiner Multicycle problem.",Cristina G. Fernandes; Carla Negri Lintzmayer; Phablo F. S. Moura,https://doi.org/10.1016/j.tcs.2024.114836,null,J,no_arxiv,0
2023,Theor. Comput. Sci.,"Complexity and approximability of Minimum Path-Collection Exact Covers.",Santiago Valdés Ravelo; Cristina G. Fernandes,https://doi.org/10.1016/j.tcs.2022.11.022,null,J,no_arxiv,0
2022,Discrete Applied Math.,"Leafy spanning arborescences in DAGs.",Cristina G. Fernandes; Carla Negri Lintzmayer,https://doi.org/10.1016/j.dam.2021.06.018,null,J,no_arxiv,0
2022,LATIN,"Approximations for the Steiner Multicycle Problem.",Cristina G. Fernandes; Carla Negri Lintzmayer; Phablo F. S. Moura,https://doi.org/10.1007/978-3-031-20624-5_12,null,C,no_arxiv,0
2021,Discrete Mathematics,"On Tuza's conjecture for triangulations and graphs with small treewidth.",Fábio Botler; Cristina G. Fernandes; Juan Gutiérrez 0001,https://doi.org/10.1016/j.disc.2020.112281,null,J,no_arxiv,0
