2026,Computers & Graphics,"Enhanced Force-Scheme: A fast and accurate global dimensionality reduction method.",Jaume Ros; Alessio Arleo; Fernando Vieira Paulovich,https://doi.org/10.1016/j.cag.2026.104536,null,J,no_arxiv,0
2026,Computers & Graphics,"Foreword to special section: Highlights from EuroVA 2025.",Hans-Jörg Schulz; Fernando V. Paulovich,https://doi.org/10.1016/j.cag.2026.104580,null,J,no_arxiv,0
2025,Computers & Graphics,"DimenFix: A novel meta-strategy to preserve user-defined data values on dimensionality reduction layouts.",Zixuan Han; Diede van der Hoorn; Thomas Höllt; Qiaodan Luo; Leonardo Christino; Evangelos E. Milios; Fernando V. Paulovich,https://doi.org/10.1016/j.cag.2025.104231,null,J,no_arxiv,0
2025,IEEE Computer Graphics and Applications,"Challenges and Opportunities for the Visualization of Protein Energy Landscapes.",Jaume Ros; Alessio Arleo; Rafael Giordano Viegas; Vitor B. P. Leite; Fernando V. Paulovich,https://doi.org/10.1109/MCG.2025.3592983,null,J,no_arxiv,0
2025,Computer Graphics Forum,"When Dimensionality Reduction Meets Graph (Drawing) Theory: Introducing a Common Framework, Challenges and Opportunities.",Fernando V. Paulovich; Alessio Arleo; Stef van den Elzen,https://doi.org/10.1111/cgf.70105,null,J,no_arxiv,0
2025,IEEE TVCG,"HUMAP: Hierarchical Uniform Manifold Approximation and Projection.",Wilson Estécio Marcílio Júnior; Danilo Medeiros Eler; Fernando V. Paulovich; Rafael Messias Martins,https://doi.org/10.1109/TVCG.2024.3471181,top,J,no_arxiv,0
2024,Computers & Graphics,"ChatKG: Visualizing time-series patterns aided by intelligent agents and a knowledge graph.",Leonardo Christino; Fernando V. Paulovich,https://doi.org/10.1016/j.cag.2024.104092,null,J,no_arxiv,0
2024,IEEE TVCG,"Multivariate Data Explanation by Jumping Emerging Patterns Visualization.",Mário Popolin Neto; Fernando V. Paulovich,https://doi.org/10.1109/TVCG.2022.3223529,top,J,no_arxiv,0
2024,IEEE TVCG,"A Grid-Based Method for Removing Overlaps of Dimensionality Reduction Scatterplot Layouts.",Gladys M. H. Hilasaca; Wilson Estécio Marcílio-Jr; Danilo Medeiros Eler; Rafael Messias Martins; Fernando V. Paulovich,https://doi.org/10.1109/TVCG.2023.3309941,top,J,no_arxiv,0
2023,Computer Graphics Forum,"HardVis: Visual Analytics to Handle Instance Hardness Using Undersampling and Oversampling Techniques.",Angelos Chatzimparmpas; Fernando Vieira Paulovich; Andreas Kerren,https://doi.org/10.1111/cgf.14726,null,J,no_arxiv,0
2022,Computers & Graphics,"Fast and reliable incremental dimensionality reduction for streaming data.",Tácito Trindade de Araújo Tiburtino Neves; Rafael Messias Martins; Danilo Barbosa Coimbra; Kostiantyn Kucher; Andreas Kerren; Fernando V. Paulovich,https://doi.org/10.1016/j.cag.2021.08.009,null,J,no_arxiv,0
2021,IEEE TVCG,"Explainable Matrix - Visualization for Global and Local Interpretability of Random Forest Classification Ensembles.",Mário Popolin Neto; Fernando V. Paulovich,https://doi.org/10.1109/TVCG.2020.3030354,top,J,no_arxiv,0
