2026,Expert Systems Appl.,"Spatiotemporal modeling with graph neural cellular automata for modular traffic forecasting.",Lucas Malacarne Astore; Gustavo Henrique Pinheiro da Silva; Cayro Teixeira de Siqueira Neto; Daniel de Araújo Ayala; Allana Tavares Bastos; Petrônio Cândido de Lima e Silva; Omid Orang; Frederico Gadelha Guimarães,https://doi.org/10.1016/j.eswa.2026.133166,null,J,no_arxiv,0
2026,Knowledge-Based Syst.,"Leveraging Large Language Models for time series forecasting: A systematic literature review.",Gabriel I. F. Paiva; Arthur Caio Vargas Pinto; Marcos Antonio Alves 0002; Omid Orang; Lucas Malacarne Astore; Marcus Vinicius Moraes Oliveira; Frederico Gadelha Guimarães,https://doi.org/10.1016/j.knosys.2026.115938,null,J,no_arxiv,0
2025,Neurocomputing,"Automated machine learning based on decomposition, causality and evolutionary multitask optimization for time series forecasting.",Patrícia de Oliveira e Lucas; Frederico Gadelha Guimarães; Eduardo M. A. M. Mendes,https://doi.org/10.1016/j.neucom.2025.131569,null,J,no_arxiv,0
2024,Knowledge-Based Syst.,"DE3D-NURBS: A differential evolution-based 3D path-planner integrating kinematic constraints and obstacle avoidance.",Elias José De Rezende Freitas; Miri Weiss-Cohen; Armando Alves Neto; Frederico Gadelha Guimarães; Luciano C. A. Pimenta,https://doi.org/10.1016/j.knosys.2024.112084,null,J,no_arxiv,0
2024,IEEE Trans. Fuzzy Systems,"A Fuzzy-Probabilistic Representation Learning Method for Time Series Classification.",Fabricio Javier Erazo-Costa; Petrônio C. L. Silva; Frederico Gadelha Guimarães,https://doi.org/10.1109/TFUZZ.2024.3364585,top,J,no_arxiv,0
2024,IEEE Trans. Fuzzy Systems,"Multiple-Input-Multiple-Output Randomized Fuzzy Cognitive Map Method for High-Dimensional Time Series Forecasting.",Omid Orang; Hugo Vinicius Bitencourt; Luiz Augusto Facury de Souza; Patrícia de Oliveira e Lucas; Petrônio C. L. Silva; Frederico Gadelha Guimarães,https://doi.org/10.1109/TFUZZ.2024.3379853,top,J,no_arxiv,0
2023,Applied Soft Comput.,"Combining genetic local search into a multi-population Imperialist Competitive Algorithm for the Capacitated Vehicle Routing Problem.",Babak Rezaei; Frederico Gadelha Guimarães; Rasul Enayatifar; Pauline C. Haddow,https://doi.org/10.1016/j.asoc.2023.110309,null,J,no_arxiv,0
2023,Expert Systems Appl.,"Automatic translation of sign language with multi-stream 3D CNN and generation of artificial depth maps.",Giulia Zanon Castro; Rúbia Reis Guerra; Frederico Gadelha Guimarães,https://doi.org/10.1016/j.eswa.2022.119394,null,J,no_arxiv,0
2023,Neural Computing Applications,"An embedding-based non-stationary fuzzy time series method for multiple output high-dimensional multivariate time series forecasting in IoT applications.",Hugo Vinicius Bitencourt; Omid Orang; Luiz Augusto Facury de Souza; Petrônio C. L. Silva; Frederico Gadelha Guimarães,https://doi.org/10.1007/s00521-022-08120-5,null,J,no_arxiv,0
2022,Engineering Appl. of AI,"Multi-objective Iterated Local Search based on decomposition for job scheduling problems with machine deterioration effect.",Vívian Ludimila Aguiar Santos; Thales Francisco Mota Carvalho; Luciana Pereira de Assis; Miri Weiss-Cohen; Frederico Gadelha Guimarães,https://doi.org/10.1016/j.engappai.2022.104826,null,J,no_arxiv,0
2022,Neurocomputing,"Randomized high order fuzzy cognitive maps as reservoir computing models: A first introduction and applications.",Omid Orang; Petrônio Cândido de Lima e Silva; Rodrigo Silva 0001; Frederico Gadelha Guimarães,https://doi.org/10.1016/j.neucom.2022.09.030,null,J,no_arxiv,0
2022,Neural Computing Applications,"Automated diagnosis of schistosomiasis by using faster R-CNN for egg detection in microscopy images prepared by the Kato-Katz technique.",Bruno Alberto Soares Oliveira; João Marcelo Peixoto Moreira; Paulo Ricardo Silva Coelho; Deborah Aparecida Negrão-Corrêa; Stefan Michael Geiger; Frederico Gadelha Guimarães,https://doi.org/10.1007/s00521-022-06924-z,null,J,no_arxiv,0
2021,Neural Computing Applications,"Development and validation of a Brazilian sign language database for human gesture recognition.",Tamires Martins Rezende; Sílvia Grasiella Moreira Almeida; Frederico Gadelha Guimarães,https://doi.org/10.1007/s00521-021-05802-4,null,J,no_arxiv,0
2024,Multimedia Tools Appl.,"Automated construction management platform with image analysis using deep learning neural networks.",Bruno Alberto Soares Oliveira; Abílio Pereira De Faria Neto; Roberto Márcio Arruda Fernandino; Rogério Fernandes Carvalho; Tan Bo; Frederico Gadelha Guimarães,https://doi.org/10.1007/s11042-023-16623-z,null,J,no_arxiv,0
2025,IEEE Internet of Things,"A Multistep Multivariate Fuzzy-Based Time-Series Forecasting on Internet of Things Data.",Hugo Vinicius Bitencourt; Patrícia de Oliveira e Lucas; Omid Orang; Petrônio C. L. Silva; Frederico Gadelha Guimarães,https://doi.org/10.1109/JIOT.2025.3549715,null,J,no_arxiv,0
2021,ITOR,"Bi-criteria formulation for green scheduling with unrelated parallel machines with sequence-dependent setup times.",Luciano Perdigão Cota; Vitor Nazário Coelho; Frederico G. Guimarães; Marcone J. F. Souza,https://doi.org/10.1111/itor.12566,null,J,no_arxiv,0
2025,ICRA,"Deliberative Control-Aware Motion Planning for Kinematic-Constrained UAVs in a Dynamic Environment.",Elias J. R. Freitas; Arthur Da C. Vangasse; Miri Weiss-Cohen; Frederico G. Guimarães; Luciano C. A. Pimenta,https://doi.org/10.1109/ICRA55743.2025.11127441,null,C,no_arxiv,0
