2025,GECCO,"Transformers as Surrogate Models for Genetic Programming in AutoML Tasks.",Matheus Cândido Teixeira; Gisele Lobo Pappa,https://doi.org/10.1145/3712256.3726396,null,C,no_arxiv,0
2025,IJCAI,"Evaluation of Medical Large Language Models: Taxonomy, Review, and Directions.",Anísio Lacerda; Gisele L. Pappa; Adriano César Machado Pereira; Wagner Meira Jr.; Alexandre Guimarães de Almeida Barros,https://doi.org/10.24963/ijcai.2025/1169,top,C,no_arxiv,0
2023,GECCO,"Symbolic Regression Trees as Embedded Representations.",Victor Caetano; Matheus Cândido Teixeira; Gisele Lobo Pappa,https://doi.org/10.1145/3583131.3590423,null,C,no_arxiv,0
2022,GECCO,"Understanding AutoML search spaces with local optima networks.",Matheus Cândido Teixeira; Gisele L. Pappa,https://doi.org/10.1145/3512290.3528743,null,C,no_arxiv,0
2021,GECCO,"Fitness landscape analysis of graph neural network architecture search spaces.",Matheus Nunes; Paulo M. Fraga; Gisele L. Pappa,https://doi.org/10.1145/3449639.3459318,null,C,no_arxiv,0
2025,Machine Learning,"Novel applications of item response theory for analysing data set complexity and benchmark selection.",João Luiz Junho Pereira; Alfredo Antonio Alencar Exposito de Queiroz; Telmo de Menezes e Silva Filho; Ana Carolina Lorena; Rafael Gomes Mantovani; Gisele Lobo Pappa; Ricardo Bastos Cavalcante Prudêncio,https://doi.org/10.1007/s10994-025-06873-3,null,J,no_arxiv,0
2025,ECML/PKDD,"A CNN-Based Local-Global Self-attention via Averaged Window Embeddings for Hierarchical ECG Analysis.",Arthur Buzelin; Pedro Dutenhefner; Turi Rezende; Luisa G. Porfírio; Pedro Bento; Yan Aquino; Jose Fernandes; Caio Santana; Gabriela Miana; Gisele L. Pappa; Antônio L. P. Ribeiro; Wagner Meira Jr.,https://doi.org/10.1007/978-3-032-06066-2_17,null,C,no_arxiv,0
2022,Data Min. Knowl. Discov.,"Counterfactual inference with latent variable and its application in mental health care.",Guilherme F. Marchezini; Anísio M. Lacerda; Gisele L. Pappa; Wagner Meira Jr.; Débora M. Miranda; Marco Aurélio Romano-Silva; Danielle S. Costa; Leandro Malloy Diniz,https://doi.org/10.1007/s10618-021-00818-9,null,J,no_arxiv,0
2021,ACM TKDD,"An Instance Space Analysis of Regression Problems.",Mario Andrés Muñoz; Tao Yan; Matheus R. Leal; Kate Smith-Miles; Ana Carolina Lorena; Gisele L. Pappa; Rômulo Madureira Rodrigues,https://doi.org/10.1145/3436893,top,J,no_arxiv,0
2022,EJOR,"Metaheuristics In the Large.",Jerry Swan; Steven Adriænsen; Alexander E. I. Brownlee; Kevin Hammond; Colin G. Johnson; Ahmed Kheiri; Faustyna Krawiec; Juan Julián Merelo; Leandro L. Minku; Ender Özcan; Gisele L. Pappa; Pablo García-Sánchez; Kenneth Sörensen; Stefan Voß 0001; Markus Wagner 0007; David R. White 0003,https://doi.org/10.1016/j.ejor.2021.05.042,null,J,no_arxiv,0
