2023,EICS,"Using RFID in the Engineering of Interactive Software Systems: A Systematic Mapping.",Vitor Carneiro Maia; Káthia Marçal de Oliveira; Christophe Kolski; Guilherme Horta Travassos,https://doi.org/10.1145/3593235,null,C,no_arxiv,0
2026,IST,"Design, execution, and contextual factors shaping the benefits and drawbacks of focus groups in software engineering.",Talita Vieira Ribeiro; Breno Bernard Nicolau de França; Paulo Sérgio Medeiros dos Santos; Rafael Maiani de Mello; Cecilia Apa; Diego Vallespir; Guilherme Horta Travassos,https://doi.org/10.1016/j.infsof.2026.108136,null,J,no_arxiv,0
2026,IST,"How not to get your paper rejected - From the editors' notebook.",Miroslaw Staron; Guilherme Horta Travassos; Barbara Russo; Sudipto Ghosh,https://doi.org/10.1016/j.infsof.2026.108197,null,J,no_arxiv,0
2026,SQJ,"Generative AI solutions for software quality: Assessing industrial readiness.",André Gheventer; Patrícia do Amaral Gurgel; Carlos Henrique Brito 0004; Rafael Maiani de Mello; Sabrina Rocha; Rodrigo Feitosa Gonçalves; Guilherme Horta Travassos,https://doi.org/10.1007/s11219-026-09754-7,null,J,no_arxiv,0
2025,EMSE,"Experimental Evaluation of a Checklist-Based Inspection Technique to Verify the Compliance of Software Systems with the Brazilian General Data Protection Law.",Diego André Cerqueira; Rafael Maiani de Mello; Jéssica Soares da Costa; Guilherme Horta Travassos,https://doi.org/10.1007/s10664-025-10681-7,null,J,no_arxiv,0
2025,ESEM,"Aggregating Empirical Evidence from Data Strategies Studies: A Case on Model Quantization.",Santiago del Rey; Paulo Sérgio Medeiros dos Santos; Guilherme Horta Travassos; Xavier Franch; Silverio Martínez-Fernández,https://doi.org/10.1109/ESEM64174.2025.00049,null,C,no_arxiv,0
2023,EMSE,"On the Investigation of Empirical Contradictions - Aggregated Results of Local Studies on Readability and Comprehensibility of Source Code.",Talita Vieira Ribeiro; Paulo Sérgio Medeiros dos Santos; Guilherme Horta Travassos,https://doi.org/10.1007/s10664-023-10360-5,null,J,no_arxiv,0
2023,JSS,"An evidence-based roadmap for IoT software systems engineering.",Rebeca Campos Motta; Káthia M. de Oliveira; Guilherme H. Travassos,https://doi.org/10.1016/j.jss.2023.111680,null,J,no_arxiv,0
2023,SCP,"Characterization of continuous experimentation in software engineering: Expressions, models, and strategies.",Vladimir Erthal; Bruno Pedraça de Souza; Paulo Sérgio Medeiros dos Santos; Guilherme H. Travassos,https://doi.org/10.1016/j.scico.2023.102961,null,J,no_arxiv,0
2022,IST,"Alternatives for testing of context-aware software systems in non-academic settings: results from a .",Santiago Matalonga; Domenico Amalfitano; Andréa Cristina de Souza Doreste; Anna Rita Fasolino; Guilherme Horta Travassos,https://doi.org/10.1016/j.infsof.2022.106937,null,J,no_arxiv,0
2022,IST,"Consolidating a common perspective on  and its Management through a Tertiary Study.",Helvio Jeronimo Junior; Guilherme Horta Travassos,https://doi.org/10.1016/j.infsof.2022.106964,null,J,no_arxiv,0
2022,JSS,"Moderator factors of software security and performance verification.",Victor Vidigal Ribeiro; Daniela Soares Cruzes; Guilherme Horta Travassos,https://doi.org/10.1016/j.jss.2021.111137,null,J,no_arxiv,0
2022,TSE,"How do Practitioners Perceive the Relevance of Requirements Engineering Research?",Xavier Franch; Daniel Méndez 0001; Andreas Vogelsang; Rogardt Heldal; Eric Knauss; Marc Oriol; Guilherme H. Travassos; Jeffrey C. Carver; Thomas Zimmermann 0001,https://doi.org/10.1109/TSE.2020.3042747,top,J,no_arxiv,0
2021,TSE,"Evolving JavaScript Code to Reduce Load Time.",Fábio de Almeida Farzat; Márcio de Oliveira Barros; Guilherme H. Travassos,https://doi.org/10.1109/TSE.2019.2928293,top,J,no_arxiv,0
