2026,TOSEM,"Exploring Empathy in Software Engineering: Insights from a Grey Literature Analysis of Practitioners' Perspectives.",Lidiany Cerqueira; João Pedro Silva Bastos; Danilo Ferreira Neves; Glauco de Figueiredo Carneiro; Rodrigo O. Spínola; Sávio Freire; José Amâncio M. Santos; Manoel G. Mendonça,https://doi.org/10.1145/3748721,top,J,no_arxiv,0
2026,TOSEM,"Exploring Empathy in Software Engineering: Insights from a Gray Literature Analysis of Practitioners' Perspectives - RCR Report.",Lidiany Cerqueira; João Pedro Silva Bastos; Danilo Ferreira Neves; Glauco de Figueiredo Carneiro; Rodrigo O. Spínola; Sávio Freire; José Amâncio M. Santos; Manoel G. Mendonça,https://doi.org/10.1145/3771771,top,J,no_arxiv,0
2025,IST,"Psychological safety in software workplaces: A systematic literature review.",Beatriz Silva De Santana; Lidivânio Monte; Bianca Santana de Araújo Silva; Glauco de Figueiredo Carneiro; Sávio Freire; José Amâncio Macedo Santos; Manoel G. Mendonça,https://doi.org/10.1016/j.infsof.2025.107838,null,J,no_arxiv,0
2025,JSS,"Attributes of a great requirements engineer.",Larissa Barbosa L. Pinheiro; Sávio Freire; Rita Suzana Pitangueira Maciel; Manoel G. Mendonça; Marcos Kalinowski; Zadia Codabux; Rodrigo O. Spínola,https://doi.org/10.1016/j.jss.2024.112200,null,J,no_arxiv,0
2025,RE,"What does a Public Discourse state about Requirements Process Debt Causes?",Sávio Freire; Manoel G. Mendonça; Julio César Sampaio do Prado Leite,https://doi.org/10.1109/RE63999.2025.00027,null,C,no_arxiv,0
2024,IEEE Software,"Psychological Safety in the Software Work Environment.",Beatriz Silva De Santana; Sávio Freire; José Amâncio Macedo Santos; Manoel G. Mendonça,https://doi.org/10.1109/MS.2024.3386532,null,J,no_arxiv,0
2024,IEEE Software,"Empathy and Its Effects on Software Practitioners' Well-Being and Mental Health.",Lidiany Cerqueira; Sávio Freire; Danilo Ferreira Neves; João Pedro Silva Bastos; Beatriz Silva De Santana; Rodrigo O. Spínola; Manoel G. Mendonça; José Amâncio Macedo Santos,https://doi.org/10.1109/MS.2024.3377897,null,J,no_arxiv,0
2024,TOSEM,"A Comprehensive View on TD Prevention Practices and Reasons for Not Preventing It.",Sávio Freire; Alexia Pacheco; Nicolli Rios; Boris Pérez; Camilo Castellanos; Darío Correal; Robert Ramac; Vladimir Mandic; Nebojsa Tausan; Gustavo López 0001; Manoel G. Mendonça; Davide Falessi; Clemente Izurieta; Carolyn Seaman; Rodrigo O. Spínola,https://doi.org/10.1145/3674727,top,J,no_arxiv,0
2023,JSS,"Software practitioners' point of view on technical debt payment.",Sávio Freire; Nicolli Rios; Boris Pérez; Camilo Castellanos; Darío Correal; Robert Ramac; Vladimir Mandic; Nebojsa Tausan; Gustavo López 0001; Alexia Pacheco; Manoel G. Mendonça; Davide Falessi; Clemente Izurieta; Carolyn Seaman; Rodrigo O. Spínola,https://doi.org/10.1016/j.jss.2022.111554,null,J,no_arxiv,0
2021,IEEE Software,"On the Relationship Between Technical Debt Management and Process Models.",Nicolli Rios; Sávio Freire; Boris Perez; Camilo Castellanos; Darío Correal; Manoel G. Mendonça; Davide Falessi; Clemente Izurieta; Carolyn B. Seaman; Rodrigo Oliveira Spínola,https://doi.org/10.1109/MS.2021.3058652,null,J,no_arxiv,0
2021,IEEE Software,"Pitfalls and Solutions for Technical Debt Management in Agile Software Projects.",Sávio Freire; Nicolli Rios; Boris Pérez; Camilo Castellanos; Darío Correal; Robert Ramac; Vladimir Mandic; Nebojsa Tausan; Alexia Pacheco; Gustavo López 0001; Manoel Gomes de Mendonça Neto; Clemente Izurieta; Davide Falessi; Carolyn Seaman; Rodrigo Oliveira Spínola,https://doi.org/10.1109/MS.2021.3101990,null,J,no_arxiv,0
