2025,IEEE Trans. Net. Service  Mgmt.,"Establishing Trust for Using Natural Language for Intent-Based Networking.",Arthur Selle Jacobs; Ricardo José Pfitscher; Rafael Hengen Ribeiro; Lisandro Zambenedetti Granville; Ronaldo Alves Ferreira; Walter Willinger; Sanjay G. Rao,https://doi.org/10.1109/TNSM.2025.3574626,null,J,no_arxiv,0
2025,NOMS,"Scaling Stateful Network Services on Multicore Architectures.",Fabrício B. Carvalho; Ronaldo A. Ferreira,https://doi.org/10.1109/NOMS57970.2025.11073631,null,C,no_arxiv,0
2025,NOMS,"Distributed Graph Neural Networks in Programmable Data Planes.",Ivan Peter Lamb; Pedro Arthur P. R. Duarte; Jonatas Adilson Marques; Marcelo Caggiani Luizelli; Luciano Paschoal Gaspary; Anderson Tavares; Ronaldo A. Ferreira; Ítalo Cunha; José Rodrigo Furlanetto Azambuja; Weverton Cordeiro,https://doi.org/10.1109/NOMS57970.2025.11073693,null,C,no_arxiv,0
2025,NOMS,"Automatic Inference of BGP Community Semantics.",Brivaldo Alves da Silva; Ítalo Cunha; Ronaldo A. Ferreira,https://doi.org/10.1109/NOMS57970.2025.11073643,null,C,no_arxiv,0
2025,SIGCOMM,"Scaling SCIERA: A Journey Through the Deployment of a Next-generation Network.",François Wirz; Marten Gartner; Jelte van Bommel; Elham Ehsani Moghadam; Grace H. Cimaszewski; Anxiao He; Yizhe Zhang 0006; Henry Birge-Lee; Felix Kottmann; Cyrill Krähenbühl; Jonghoon Kwon; Kyveli Mavromati; Liang Wang 0054; Daniel Bertolo; Marco Canini; Buseung Cho; Ronaldo A. Ferreira; Simon Peter Green; David Hausheer; Junbeom Hur; Xiaohua Jia; Heejo Lee; Prateek Mittal; Omo Oaiya; Chanjin Park; Adrian Perrig; Jerry Sobieski; Yixin Sun 0004; Cong Wang 0001; Klaas Wierenga,https://doi.org/10.1145/3718958.3750532,top,C,no_arxiv,0
2024,IEEE/ACM Trans. Networking,"State Disaggregation for Dynamic Scaling of Network Functions.",Fabrício B. Carvalho; Ronaldo A. Ferreira; Ítalo Cunha; Marcos A. M. Vieira; Murali Krishna Ramanathan,https://doi.org/10.1109/TNET.2023.3282562,top,J,no_arxiv,0
2022,INFOCOM,"Dyssect: Dynamic Scaling of Stateful Network Functions.",Fabrício B. Carvalho; Ronaldo A. Ferreira; Ítalo Cunha; Marcos A. M. Vieira; Murali Krishna Ramanathan,https://doi.org/10.1109/INFOCOM48880.2022.9796848,null,C,no_arxiv,0
2021,IEEE Trans. Net. Service  Mgmt.,"Identifying Networks Vulnerable to IP Spoofing.",Osvaldo L. H. M. Fonseca; Ítalo Cunha; Elverton C. Fazzion; Wagner Meira Jr.; Brivaldo Alves da Silva; Ronaldo A. Ferreira; Ethan Katz-Bassett,https://doi.org/10.1109/TNSM.2021.3061486,null,J,no_arxiv,0
2021,IEEE/ACM Trans. Networking,"A Verified Session Protocol for Dynamic Service Chaining.",Pamela Zave; Fabrício B. Carvalho; Ronaldo A. Ferreira; Jennifer Rexford; Masaharu Morimoto; Xuan Kelvin Zou,https://doi.org/10.1109/TNET.2020.3037049,top,J,no_arxiv,0
2022,CCS,"AI/ML for Network Security: The Emperor has no Clothes.",Arthur Selle Jacobs; Roman Beltiukov; Walter Willinger; Ronaldo A. Ferreira; Arpit Gupta; Lisandro Z. Granville,https://doi.org/10.1145/3548606.3560609,top,C,no_arxiv,0
