UFPE,31.01
UFRN,25.81
ICMC/USP,20.08
UFRGS,16.31
UFMG,15.32
UFV,14.33
FURG,13.58
UNICAMP,12.72
UFRPE,9.38
PUC-RS,8.32
UFSCar,7.74
UFPR,7.08
UNIFESP,6.82
UNESP,6.74
PUC-Rio,5.58
FFCLRP/USP,5.43
UFF,5.36
UFU,4.69
UFABC,4.62
PUCPR,4.5
UFBA,4.36
UFAL,4.1
UFES,4.1
Unisinos,4.03
UFMA,3.77
UnB,3.77
POLI/USP,3.59
UFSJ,3.51
COPPE/UFRJ,3.44
UFC,3.38
FEEC/UNICAMP,2.72
UFMS,2.71
Inatel,2.65
UERJ,2.64
IME/USP,2.46
UFSC,2.45
CEFET-MG,2.31
UTFPR,2.31
UFPEL,2.26
UEL,1.72
IMPA,1.66
FGV,1.65
PUC Minas,1.39
UFOP,1.39
UNIFOR,1.33
EACH/USP,1.06
ITV,1.06
UFPB,1.06
UNIRIO,1.06
DCC/UFRJ,0.99
LNCC,0.99
UFAM,0.99
UFJF,0.99
FCT/UFPA,0.73
FT/UNICAMP,0.73
CEFET-RJ,0.66
FEI,0.66
IFCE,0.66
UFPA,0.66
IFPE,0.4
UEM,0.4
UFSM,0.4
UDESC,0.33
UFCG,0.33
UFLA,0.33
UNICENTRO,0.33
UNIOESTE,0.33
