Adriana Vivacqua,DCC/UFRJ
Alberto Raposo,PUC-Rio
Ana Cristina Bicharra Garcia,UNIRIO
Andre Freire,UFLA
Bruno Gadelha,UFAM
Carla Bezerra,UFC
Carla Freitas,UFRGS
Celso Saibel Santos,UFES
Christiane von Wangenheim,UFSC
Christina Chavez,UFBA
Claudia Bauzer Medeiros,UNICAMP
Cleidson Souza,UFPA
Cristiano Maciel,UFMT
Daniela Trevisan,UFF
Diego Dermeval,UFAL
Ecivaldo de Souza Matos,UFBA
Edna Dias Canedo,UnB
Eduardo Figueiredo,UFMG
Elaine Oliveira,UFAM
Elizabeth Furtado,UNIFOR
Emanuel Felipe Duarte,UNICAMP
Emerson Carlos Pedrino,UFSCar
Fabiane Barreto Vavassori Beniti,UFSC
Fatima Nunes,EACH/USP
Fernando Figueira Filho,UFRN
Guilherme Travassos,COPPE/UFRJ
Gustavo Pinto,UFPA
Helio Lopes,PUC-Rio
Ig Ibert Bittencourt,UFAL
Igor Wiese,UTFPR
Ingrid Monteiro,UFC
Jorge Luis Victoria Barbosa,Unisinos
Jose Viterbo,UFF
Judith Kelner,UFPE
Kamila Rodrigues,ICMC/USP
Katia Romero Felizardo,UTFPR
Kiev Gama,UFPE
Kleinner Farias,Unisinos
Leandro Balby Marinho,UFCG
Leonardo Cunha de Miranda,UFRN
Leonardo da Rocha,UFSJ
Leticia dos Santos Machado,UFRGS
Luciana Porcher Nedel,UFRGS
Luciana Zaina,UFSCar
Luiz Augusto Morais,UFPE
Manoela Milena Oliveira da Silva,UFPE
Marcelle Mota,UFPA
Marcelo Manzato,ICMC/USP
Marcelo Medeiros Eler,EACH/USP
Marcelo Morandini,EACH/USP
Marcos Seruffo,UFPA
Maria Cecilia Baranauskas,UNICAMP
Maria Cristina Ferreira Oliveira,ICMC/USP
Marilia Mendes,UFC
Mario Fernando Montenegro Campos,UFMG
Marley Vellasco,PUC-Rio
Milene Silveira,PUC-RS
Monalessa Barcellos,UFES
Natasha Valentim,UFPR
Nazareno Andrade,UFCG
Patricia Jaques,Unisinos
Rafael Bordini,PUC-RS
Rafael Ferreira Mello,UFRPE
Rafael Prikladnicki,PUC-RS
Raquel Prates,UFMG
Renato Ferreira,UFMG
Ricardo Marroquim,COPPE/UFRJ
Roberto Pereira,UFPR
Rodrygo Santos,UFMG
Rossana Andrade,UFC
Sean Siqueira,UNIRIO
Seiji Isotani,ICMC/USP
Simone Bacellar Leal Ferreira,UNIRIO
Simone Barbosa,PUC-Rio
Soraia Prietch,UFMT
Tatiana Tavares,UFPEL
Tayana Conte,UFAM
Thales Vieira,UFAL
Tiago Almeida,UFSCar
Ticianne Darin,UFC
Vania Neris,UFSCar
Vaninha Vieira,UFBA
Vasco Furtado,UNIFOR
Virgilio Almeida,UFMG
Walter Takashi Nakamura,UTFPR
Yuska Aguiar,UFPB
