2026,ACM TOCL,"A Nominal Approach to Equational Problems in Languages with Binders.",UnB,Daniele Nantes-Sobrinho; Maribel Fernández; Deivid Vale; Mauricio Ayala-Rincón,https://doi.org/10.1145/3767744,top,J,no_arxiv,0
2026,J. Log. Comput.,"Recovery operators in quasi-Nelson logic: the prelinear case.",UFRN,Tommaso Flaminio; Lluís Godo; Umberto Rivieccio,https://doi.org/10.1093/logcom/exag020,null,J,no_arxiv,0
2025,J. Log. Comput.,"27th Workshop on Logic, Language, Information and Computation - WoLLIC 2021.",IME/USP; UFPE,Alexandra Silva 0001; Renata Wassermann; Ruy J. G. B. de Queiroz,https://doi.org/10.1093/logcom/exae063,null,J,no_arxiv,0
2025,J. Log. Comput.,"Bipolar Argumentation Frameworks with a dual relation between defeat and defence.",UFC,João F. L. Alcântara; Renan Cordeiro,https://doi.org/10.1093/logcom/exae006,null,J,no_arxiv,0
2025,J. Log. Comput.,"Computational paths - a weak groupoid.",UFPE,Tiago M. L. de Veras; Arthur F. Ramos; Ruy J. G. B. de Queiroz; Anjolina Grisi de Oliveira,https://doi.org/10.1093/logcom/exad071,null,J,no_arxiv,0
2025,J. Log. Comput.,"Nash meets Łukasiewicz: computing equilibria through logic.",IME/USP,Sandro Preto; Marcelo Finger,https://doi.org/10.1093/logcom/exae073,null,J,no_arxiv,0
2025,J. Log. Comput.,"Polyhedral semantics and the tractable approximation of Łukasiewicz infinitely-valued logic.",IME/USP,Marcelo Finger; Sandro Preto,https://doi.org/10.1093/logcom/exad059,null,J,no_arxiv,0
2025,J. Log. Comput.,"Proceedings of the XX Encontro Brasileiro de Lógica.",PUC-Rio,Edward Hermann Haeusler; Ciro Russo; Gisele Dalva Secco,https://doi.org/10.1093/logcom/exae047,null,J,no_arxiv,0
2025,J. Log. Comput.,"Separability and harmony in ecumenical systems.",UFRN,Sonia Marin; Luiz Carlos Pereira; Elaine Pimentel; Emerson Sales,https://doi.org/10.1093/logcom/exae058,null,J,no_arxiv,0
2025,J. Log. Comput.,"Temporal logics for compartmental models.",DCC/UFRJ,Vitor Machado; Mario R. F. Benevides,https://doi.org/10.1093/logcom/exae021,null,J,no_arxiv,0
2025,J. Log. Comput.,"Towards determinism in PDL: relations and proof theory.",DCC/UFRJ,Mario R. F. Benevides; Leandro Gomes 0001; Bruno Lopes 0001,https://doi.org/10.1093/logcom/exae022,null,J,no_arxiv,0
2025,MSCS,"WoLLIC 2023 - 29th Workshop on Logic, Language, Information and Computation.",UFPE,Helle Hvid Hansen; Andre Scedrov; Ruy J. G. B. de Queiroz,https://doi.org/10.1017/s0960129525100376,null,J,no_arxiv,0
2025,NFM,"Algorithmic Analysis of Event-B in Rewriting Logic.",UFRN,Carlos Olarte; Daniel Osorio; Carlos Ramírez 0002; Camilo Rocha,https://doi.org/10.1007/978-3-031-93706-4_16,null,C,no_arxiv,0
2025,NFM,"Verification of an Anti-unification Algorithm in PVS.",UnB,Mauricio Ayala-Rincón; Thaynara Arielly de Lima; Maria Júlia Dias Lima; Mariano M. Moscato; Temur Kutsia,https://doi.org/10.1007/978-3-031-93706-4_4,null,C,no_arxiv,0
2025,WoLLIC,"Abstracting Conceptual Models as a Weakening Process.",UFES,Elena Romanenko; Oliver Kutz; Diego Calvanese; Giancarlo Guizzardi,https://doi.org/10.1007/978-3-031-99536-1_9,null,C,no_arxiv,0
2025,WoLLIC,"Indicative Conditionals: Some Algebraic Considerations.",UFRN,Umberto Rivieccio; Miguel Muñoz Pérez,https://doi.org/10.1007/978-3-031-99536-1_8,null,C,no_arxiv,0
2024,MSCS,"Adding an implication to logics of perfect paradefinite algebras.",UFRN,Vitor Greati; Sérgio Marcelino; João Marcos 0001; Umberto Rivieccio,https://doi.org/10.1017/s0960129524000227,null,J,no_arxiv,0
2024,SCP,"Local deadlock analysis of Simulink models based on timed behavioural patterns and theorem proving.",UFPE,Joabe Jesus; Augusto Sampaio 0001,https://doi.org/10.1016/j.scico.2024.103113,null,J,no_arxiv,0
2024,SCP,"Stochastic formal model of PI3K/mTOR pathway in Alzheimer's disease for drug repurposing: An evaluation of rapamycin, LY294002, and NVP-BEZ235.",UFMG,Herbert Rausch Fernandes; Giovanni Freitas Gomes; Antonio Carlos Pinheiro de Oliveira; Sérgio Vale Aguiar Campos,https://doi.org/10.1016/j.scico.2023.103028,null,J,no_arxiv,0
2024,SCP,"Symbolic analysis and parameter synthesis for networks of parametric timed automata with global variables using Maude and SMT solving.",UFRN,Jaime Arias 0001; Kyungmin Bae; Carlos Olarte; Peter Csaba Ölveczky; Laure Petrucci; Fredrik Rømming,https://doi.org/10.1016/j.scico.2023.103074,null,J,no_arxiv,0
2024,TPLP,"On the Equivalence between Logic Programming and SETAF.",UFC,João F. L. Alcântara; Renan Cordeiro; Samy Sá,https://doi.org/10.1017/s1471068424000188,null,J,no_arxiv,0
2024,WoLLIC,"(In)consistency Operators on Quasi-Nelson Algebras.",UFRN,Umberto Rivieccio; Aldo Figallo Orellano,https://doi.org/10.1007/978-3-031-62687-6_12,null,C,no_arxiv,0
2023,FMCAD,"A Provably Correct Floating-Point Implementation of Well Clear Avionics Concepts.",UnB,Nikson Bernardes Fernandes Ferreira; Mariano M. Moscato; Laura Titolo; Mauricio Ayala-Rincón,https://doi.org/10.34727/2023/isbn.978-3-85448-060-0_32,null,C,no_arxiv,0
2023,J. Log. Comput.,"An Argumentation-Based Approach for Goal Reasoning and Explanations Generation.",UTFPR,Mariela Morveli Espinoza; Juan Carlos Nieves; Cesar Augusto Tacla; Henrique M. R. Jasinski,https://doi.org/10.1093/logcom/exac052,null,J,no_arxiv,0
2023,LMCS,"A Formal Model for Polarization under Confirmation Bias in Social Networks.",UFMG,Mário S. Alvim; Bernardo Amorim; Sophia Knight; Santiago Quintero; Frank Valencia,https://doi.org/10.46298/lmcs-19(1:18)2023,null,J,no_arxiv,0
2022,FMCAD,"Reconstructing Fine-Grained Proofs of Rewrites Using a Domain-Specific Language.",UFMG,Andres Nötzli; Haniel Barbosa; Aina Niemetz; Mathias Preiner; Andrew Reynolds 0001; Clark W. Barrett; Cesare Tinelli,https://doi.org/10.34727/2022/isbn.978-3-85448-053-2_12,null,C,no_arxiv,0
2022,J. Log. Comput.,"Temporal logic for social networks.",DCC/UFRJ,Vitor Machado; Mario R. F. Benevides,https://doi.org/10.1093/logcom/exac023,null,J,no_arxiv,0
2022,MSCS,"A linear logic framework for multimodal logics.",UFRN,Bruno Xavier; Carlos Olarte; Elaine Pimentel,https://doi.org/10.1017/S0960129522000366,null,J,no_arxiv,0
2022,MSCS,"Detection and diagnosis of deviations in distributed systems of autonomous agents.",UFPB,Vivek Nigam; Minyoung Kim 0002; Ian A. Mason; Carolyn L. Talcott,https://doi.org/10.1017/S0960129522000251,null,J,no_arxiv,0
2022,MSCS,"Efficient representation of piecewise linear functions into Łukasiewicz logic modulo satisfiability.",IME/USP,Sandro Preto; Marcelo Finger,https://doi.org/10.1017/S096012952200010X,null,J,no_arxiv,0
2022,MSCS,"Indexed and fibered structures for partial and total correctness assertions.",PUC-Rio,Uwe Wolter; Alfio Ricardo de Brito Martini; Edward Hermann Haeusler,https://doi.org/10.1017/S0960129522000275,null,J,no_arxiv,0
2022,SCP,"A two-level formal model for Big Data processing programs.",DCC/UFRJ; UFRN,João Batista de Souza Neto; Anamaria Martins Moreira; Genoveva Vargas-Solar; Martin A. Musicante,https://doi.org/10.1016/j.scico.2021.102764,null,J,no_arxiv,0
2022,SCP,"High-level axioms for graphical linear algebra.",DCC/UFRJ,João Paixão; Lucas Rufino; Pawel Sobocinski 0001,https://doi.org/10.1016/j.scico.2022.102791,null,J,no_arxiv,0
2022,SEFM,"Specification is Law: Safe Creation and Upgrade of Ethereum Smart Contracts.",UFPE,Pedro Antonino; Juliandson Ferreira; Augusto Sampaio 0001; A. W. Roscoe 0001,https://doi.org/10.1007/978-3-031-17108-6_14,null,C,no_arxiv,0
2021,ACM TOCL,"Reasoning about Petri Nets: A Calculus Based on Resolution and Dynamic Logic.",UnB; PUC-Rio,Bruno Lopes 0001; Cláudia Nalon; Edward Hermann Haeusler,https://doi.org/10.1145/3441655,top,J,no_arxiv,0
2021,FoSSaCS,"Nominal Equational Problems.",UnB,Mauricio Ayala-Rincón; Maribel Fernández; Daniele Nantes-Sobrinho; Deivid Vale,https://doi.org/10.1007/978-3-030-71995-1_2,null,C,no_arxiv,0
2021,J. Log. Comput.,"Access-based intuitionistic knowledge.",UFBA,Steffen Lewitzka,https://doi.org/10.1093/logcom/exaa086,null,J,no_arxiv,0
2021,J. Log. Comput.,"Hypersequent calculi for non-normal modal and deontic logics: countermodels and optimal complexity.",UFRN,Tiziano Dalmonte; Björn Lellmann; Nicola Olivetti; Elaine Pimentel,https://doi.org/10.1093/logcom/exaa072,null,J,no_arxiv,0
2021,MSCS,"A focused linear logical framework and its application to metatheory of object logics.",UFRN,Amy P. Felty; Carlos Olarte; Bruno Xavier,https://doi.org/10.1017/S0960129521000323,null,J,no_arxiv,0
2021,MSCS,"Formalising nominal C-unification generalised with protected variables.",UnB,Mauricio Ayala-Rincón; Washington de Carvalho Segundo; Maribel Fernández; Gabriel Ferreira Silva; Daniele Nantes-Sobrinho,https://doi.org/10.1017/S0960129521000050,null,J,no_arxiv,0
2021,MSCS,"Quasi-Nelson algebras and fragments.",UFRN,Umberto Rivieccio; Ramon Jansana,https://doi.org/10.1017/S0960129521000049,null,J,no_arxiv,0
2021,SCP,"A family of multi-concept program synthesisers in Alloy.",UFPE,Alexandre R. S. Correia; Juliano Iyoda; Alexandre Mota 0001,https://doi.org/10.1016/j.scico.2020.102536,null,J,no_arxiv,0
2021,SCP,"Validating, verifying and testing timed data-flow reactive systems in Coq from controlled natural-language requirements.",UFPE,Gustavo Carvalho; Igor Meira,https://doi.org/10.1016/j.scico.2020.102537,null,J,no_arxiv,0
2021,SEFM,"RoboWorld: Where Can My Robot Work?",UFPE,Ana Cavalcanti 0001; James Baxter 0001; Gustavo Carvalho,https://doi.org/10.1007/978-3-030-92124-8_1,null,C,no_arxiv,0
2021,Theor. Comput. Sci.,"Dynamic Preference Logic meets iterated belief change: Representation results and postulates characterization.",UFRGS; UFBA; PUC-RS,Marlo Souza; Renata Vieira; Álvaro F. Moreira,https://doi.org/10.1016/j.tcs.2020.12.042,null,J,no_arxiv,0
2021,WoLLIC,"A Pure View of Ecumenical Modalities.",UFRN,Sonia Marin; Luiz Carlos Pereira; Elaine Pimentel; Emerson Sales,https://doi.org/10.1007/978-3-030-88853-4_24,null,C,no_arxiv,0
