ICMC/USP,27.1
UFPE,14.12
UFRGS,13.39
UFF,11.85
UNICAMP,6.65
UFMG,5.59
PUC-RS,5.06
PUC-Rio,4.93
COPPE/UFRJ,4.4
Inatel,3.85
UFES,3.39
UNESP,3.39
UFPEL,2.52
UFU,2.45
UFSCar,1.98
IME/USP,1.73
UFBA,1.73
UFCG,1.73
UNIFESP,1.73
UTFPR,1.72
UEL,1.66
EACH/USP,1.65
UnB,1.46
PUCPR,1.39
IMPA,1.2
UFC,1.2
UFABC,1.13
UFPA,1.06
UFPR,1.06
UFMA,0.99
UFRPE,0.8
LNCC,0.73
UFAL,0.66
UFLA,0.66
UNIOESTE,0.66
FEEC/UNICAMP,0.4
FGV,0.4
FURG,0.4
UFJF,0.4
Unisinos,0.4
FFCLRP/USP,0.33
PUC Minas,0.33
UERJ,0.33
UFPB,0.33
UFRN,0.33
UFSJ,0.33
