Adriano Pereira,UFMG
Adriano Veloso,UFMG
Alberto Schaeffer Filho,UFRGS
Alex Vieira,UFJF
Alexandre Plastino,UFF
Aline Paes,UFF
Alneu de Andrade Lopes,ICMC/USP
Altigran Silva,UFAM
Ana Paula Couto da Silva,UFMG
Anarosa Brandao,POLI/USP
Anna Costa,POLI/USP
Bernardo Pereira Nunes,PUC-Rio
Carina Dorneles,UFSC
Celia Ralha,UnB
Claudio Campelo,UFCG
Daniel Carlos Guimaraes Pedronette,UNESP
Daniel de Oliveira,UFF
Edleno de Moura,UFAM
Fabio Cozman,POLI/USP
Fabricio Benevenuto,UFMG
Fabricio Murai,UFMG
Flavia Delicato,DCC/UFRJ
Helio Lopes,PUC-Rio
Humberto Marques,PUC Minas
Jean Martina,UFSC
Jeferson Campos Nobre,UFRGS
Joel Rodrigues,Inatel
Jussara Almeida,UFMG
Karin Becker,UFRGS
Karina Valdivia Delgado,IME/USP
Leandro Balby Marinho,UFCG
Leonardo da Rocha,UFSJ
Luciano Barbosa,UFPE
Luiz Fernando Bittencourt,UNICAMP
Marco Antonio Casanova,PUC-Rio
Marcos Andre Goncalves,UFMG
Mirella Moro,UFMG
Paulo Pires,DCC/UFRJ
Pedro Olmo,UFMG
Renata Vieira,PUC-RS
Renato Assuncao,UFMG
Rodrygo Santos,UFMG
Thais Batista,UFRN
Valdinei Freire,EACH/USP
Valter Roesler,UFRGS
Virgilio Almeida,UFMG
Wagner Meira,UFMG
Wellington Santos Martins,UFG
