UFMG,34.93
Inatel,27.05
UFRGS,18.44
UNICAMP,13.23
UFPE,9.45
Unisinos,9.26
COPPE/UFRJ,8.66
UFBA,8.2
FCT/UFPA,7.99
UnB,6.92
DCC/UFRJ,6.0
UFMS,5.12
UFPA,4.73
FEEC/UNICAMP,4.39
UFES,4.19
UFF,3.93
UFU,3.06
UEM,2.99
UFSCar,2.85
UFSC,2.8
UFABC,2.73
UFRN,2.66
UFJF,2.4
PUCPR,2.33
FURG,2.32
UFPR,2.19
UFAL,2.12
ICMC/USP,1.93
UFC,1.93
UFSJ,1.53
UFAM,1.06
UECE,0.8
UNIFEI,0.8
FEI,0.4
IME/USP,0.4
LNCC,0.4
NCE/UFRJ,0.4
PUC Minas,0.4
PUC-Rio,0.4
UEL,0.4
UERJ,0.4
UFOP,0.4
UNIRIO,0.4
UNIVALI,0.4
UTFPR,0.4
UFPB,0.33
UNIFESP,0.33
