Alceu Souza Britto,PUCPR
Aldri dos Santos,UFMG
Alex Vieira,UFJF
Altair Olivo Santin,PUCPR
Ana Carolina Lorena,UNIFESP
Anderson Rocha,UNICAMP
Andre Gregio,UFPR
Andrey Brito,UFCG
Antonio Augusto Medeiros Frohlich,UFSC
Celio Vinicius Neves de Albuquerque,UFF
Claudomiro Sales,UFPA
Cleber Zanchettin,UFPE
Daniel Menasche,DCC/UFRJ
David Menotti,UFPR
Diego Gimenez Passos,UFF
Edna Dias Canedo,UnB
Eduardo Viegas,PUCPR
Elaine Ribeiro de Faria,UFU
Fernanda Madeiral,UFPE
Giancarlo Guizzardi,UFES
Gustavo Batista,ICMC/USP
Heitor Ramos,UFMG
Hilder Vitor Lima Pereira,UNICAMP
Joel Rodrigues,Inatel
Lasaro Camargos,UFU
Leonardo Barbosa Oliveira,UFMG
Leonardo Montecchi,UNICAMP
Lisandro Zambenedetti Granville,UFRGS
Luiz Eduardo Soares Oliveira,UFPR
Marcelo Ladeira,UnB
Marcelo Marotta,UnB
Marcelo d'Amorim,UFPE
Marco Antonio Zanata Alves,UFPR
Marcos Simplicio Jr,POLI/USP
Mario Sergio Alvim,UFMG
Mauro Fonseca,UTFPR
Michele Nogueira,UFMG
Paolo Rech,UFRGS
Paulo Licio de Geus,UNICAMP
Paulo Maciel,UFPE
Philippe Navaux,UFRGS
Rafael de Sousa Junior,UnB
Ricardo Massa Ferreira Lima,UFPE
Rivalino Matias,UFU
Rodrigo Sanches Miani,UFU
Ronaldo Ferreira,UFMS
Zanoni Dias,UNICAMP
